{"cameraMode":{"drawMode":0,"name":"Shaded","section":"Shading Mode"},"sceneLighting":false,"audioPlay":false,"sceneViewState":{"m_AlwaysRefresh":false,"showFog":true,"showSkybox":false,"showFlares":true,"showImageEffects":true,"showParticleSystems":true,"showVisualEffectGraphs":true,"m_FxEnabled":true},"in2DMode":false,"pivot":{"x":0.02044108510017395,"y":0.7635954022407532,"z":0.3753812909126282},"rotation":{"x":-0.025747794657945634,"y":-0.9477943181991577,"z":0.07923656702041626,"w":-0.3078877031803131},"size":1.3815160989761353,"orthographic":true}