{"CoinCount":0,"HeroPosition":{"x":238.5164794921875,"y":0.010709955357015133,"z":125.02997589111328}}